Solution Title,Long-Description,Short-Description,Trends,Business Pain Points Addressed,Vertical-Specific Relevance,Key Words,Qualifying Questions LH,Qualifying Questions,Handling Objections
Cloud Services,"Cloud Services provide organizations with on-demand access to computing resources‚Äîsuch as storage, processing power, and applications‚Äîwithout the need for owning or maintaining physical infrastructure. These services are scalable, flexible, cost-efficient, and can be rapidly deployed to meet changing business needs.",Facilitating scalable and flexible IT environments.,"Hybrid and multi-cloud adoption
Migration from on-premise to cloud-native environments
Growing use of serverless architecture
Demand for AI and data processing power
Increasing focus on cloud security and compliance","High costs of on-prem infrastructure
Lack of scalability during peak demand
Difficulty managing remote access or hybrid workforces
Delayed deployment of applications and updates
Limited agility in IT operations","Education: Enables scalable learning platforms, virtual classrooms, and data storage for student records.
Healthcare: Supports secure patient data storage and access to clinical apps across locations.
Government: Facilitates digital transformation of public services, disaster recovery, and secure citizen portals.
Legal: Assists with secure document storage, remote legal tools, and eDiscovery platforms.
Managed IT Services: Forms the backbone of outsourced IT operations, enabling flexible resource provisioning.
Intelligent Information Management: Hosts platforms that structure and manage unstructured data across ecosystems.
Office Solutions: Empowers collaboration tools, file sharing, and print management via the cloud.","cloud, services, provide, organizations, demand, access, computing, resources, such, storage",,What systems do you currently use for cloud services?; How is your organization managing cloud services today?; What challenges have you faced with cloud services solutions?; Do you foresee scaling or changing your cloud services approach in the next 12 months?; What feedback have you received from users about current cloud services tools?; How important is performance and reliability in your cloud services strategy?; Do you currently outsource any part of your cloud services operations?; How are you measuring ROI from your current cloud services setup?; What would an ideal cloud services solution look like for your team?; Are there any compliance or security considerations in your cloud services plan?,We don‚Äôt have the budget right now; This isn‚Äôt the right time for a switch; We already have a solution in place; We‚Äôre concerned about the implementation complexity; It‚Äôs hard to prove ROI for this; Leadership isn‚Äôt aligned on priorities; Our team doesn‚Äôt have capacity for change; Digital transformation isn‚Äôt our focus right now; We‚Äôve tried something similar and it didn‚Äôt work; We‚Äôre waiting for results from other initiatives first
Security Services,"Security Services encompass a broad range of technologies and practices designed to protect organizations from cyber threats, data breaches, and regulatory violations. These services include endpoint protection, firewalls, identity and access management (IAM), threat detection, incident response, and compliance monitoring‚Äîensuring digital assets remain protected in a constantly evolving threat landscape.",Ensuring data protection and regulatory compliance.,"Increasing sophistication of ransomware and phishing attacks
Growth of Zero Trust security models
Expanded attack surfaces due to hybrid work
Surge in demand for cybersecurity talent
Heightened compliance standards like GDPR, HIPAA, and CCPA","Exposure to data breaches and financial loss
Inability to meet regulatory compliance requirements
Lack of visibility into security posture
Limited internal cybersecurity expertise
Growing threat of brand damage due to cyber incidents","Education: Protects student and staff records from data breaches and supports compliance with FERPA and privacy mandates.
Healthcare: Secures protected health information (PHI), supports HIPAA compliance, and defends against ransomware in clinical systems.
Government: Enables cyber defense for public-sector infrastructure and supports NIST and FedRAMP standards.
Legal: Safeguards sensitive case files and client data, ensures eDiscovery and communication confidentiality.
Managed IT Services: Integrates seamlessly into outsourced security operations centers (SOCs) for 24/7 threat monitoring.
Intelligent Information Management: Provides secure access control and audit trails for sensitive unstructured content.
Office Solutions: Protects printers, document workflows, and connected devices from being exploited in attacks.","security, services, encompass, broad, range, technologies, practices, designed, protect, organizations",,What systems do you currently use for security services?; How is your organization managing security services today?; What challenges have you faced with security services solutions?; Do you foresee scaling or changing your security services approach in the next 12 months?; What feedback have you received from users about current security services tools?; How important is performance and reliability in your security services strategy?; Do you currently outsource any part of your security services operations?; How are you measuring ROI from your current security services setup?; What would an ideal security services solution look like for your team?; Are there any compliance or security considerations in your security services plan?,We don‚Äôt have the budget right now; This isn‚Äôt the right time for a switch; We already have a solution in place; We‚Äôre concerned about the implementation complexity; It‚Äôs hard to prove ROI for this; Leadership isn‚Äôt aligned on priorities; Our team doesn‚Äôt have capacity for change; Digital transformation isn‚Äôt our focus right now; We‚Äôve tried something similar and it didn‚Äôt work; We‚Äôre waiting for results from other initiatives first
Managed IT Services,"Managed IT Services provide comprehensive, outsourced support for an organization‚Äôs IT environment. This includes proactive monitoring, help desk support, server and network management, endpoint maintenance, and strategic IT consulting. These services are designed to improve operational efficiency, ensure uptime, reduce internal IT overhead, and enable organizations to focus on core business priorities.",Providing ongoing support and infrastructure management.,"Rising demand for 24/7 IT support
Shift toward proactive and predictive maintenance
Increased need for hybrid cloud infrastructure management
Small and mid-sized businesses outsourcing IT to reduce cost
Focus on aligning IT strategy with business goals","Downtime caused by unmonitored systems
Limited internal IT resources or expertise
Difficulty scaling IT infrastructure
High cost of emergency repairs or break/fix services
Misalignment between IT execution and business needs","Education: Supports remote learning infrastructure, device management for students/staff, and maintains uptime for critical learning platforms.
Healthcare: Manages medical IT infrastructure (EHRs, PACS, clinical apps) and ensures compliance with healthcare regulations like HIPAA.
Government: Provides reliable support for mission-critical systems, and ensures continuity for citizen services and communication.
Legal: Ensures law firm systems remain secure, supported, and efficient, including case management platforms and secure communication tools.
Managed IT Services: Core service offering for MSPs to deliver repeatable, standardized IT performance to clients.
Intelligent Information Management: Maintains the infrastructure required to support content lifecycle platforms, backups, and metadata-driven workflows.
Office Solutions: Ensures networked office equipment (printers, scanners, VoIP, etc.) stay connected, updated, and secure.","managed, services, provide, comprehensive, outsourced, support, organization, environment, this, includes",,What systems do you currently use for managed it services?; How is your organization managing managed it services today?; What challenges have you faced with managed it services solutions?; Do you foresee scaling or changing your managed it services approach in the next 12 months?; What feedback have you received from users about current managed it services tools?; How important is performance and reliability in your managed it services strategy?; Do you currently outsource any part of your managed it services operations?; How are you measuring ROI from your current managed it services setup?; What would an ideal managed it services solution look like for your team?; Are there any compliance or security considerations in your managed it services plan?,We don‚Äôt have the budget right now; This isn‚Äôt the right time for a switch; We already have a solution in place; We‚Äôre concerned about the implementation complexity; It‚Äôs hard to prove ROI for this; Leadership isn‚Äôt aligned on priorities; Our team doesn‚Äôt have capacity for change; Digital transformation isn‚Äôt our focus right now; We‚Äôve tried something similar and it didn‚Äôt work; We‚Äôre waiting for results from other initiatives first
Managed Application Services,"Managed Application Services deliver end-to-end support for business-critical software applications. These services cover application development, customization, integration, performance monitoring, user support, and lifecycle management. The goal is to align software functionality with business strategy while reducing the complexity of in-house management.",Offering tailored software solutions to meet specific business needs.,"Increasing adoption of SaaS and low-code platforms
Legacy application modernization
Custom API integrations
Rise of application performance monitoring (APM)
Demand for app security and compliance monitoring","High cost and complexity of maintaining legacy systems
Limited internal development resources
Slow time-to-market for new application features
Inconsistent user experience or application performance
Integration issues between systems or platforms","Education: Supports the development and integration of LMS platforms, student information systems, and mobile apps tailored for educators and learners.
Healthcare: Enables customization and support of clinical, billing, and patient engagement applications with healthcare-compliant workflows.
Government: Delivers citizen-facing digital services and back-office applications that comply with public sector standards and accessibility laws.
Legal: Enhances case management systems, document repositories, and client portals with secure and customized legal workflows.
Managed IT Services: Extends MSP offerings with full application stack support and performance tuning tailored to client verticals.
Intelligent Information Management: Powers integrations and workflow automation within content platforms and business intelligence dashboards.
Office Solutions: Supports app-based enhancements for device management, print cost reporting, and internal productivity tools.
","managed, application, services, deliver, support, business, critical, software, applications, these",,What systems do you currently use for managed application services?; How is your organization managing managed application services today?; What challenges have you faced with managed application services solutions?; Do you foresee scaling or changing your managed application services approach in the next 12 months?; What feedback have you received from users about current managed application services tools?; How important is performance and reliability in your managed application services strategy?; Do you currently outsource any part of your managed application services operations?; How are you measuring ROI from your current managed application services setup?; What would an ideal managed application services solution look like for your team?; Are there any compliance or security considerations in your managed application services plan?,We don‚Äôt have the budget right now; This isn‚Äôt the right time for a switch; We already have a solution in place; We‚Äôre concerned about the implementation complexity; It‚Äôs hard to prove ROI for this; Leadership isn‚Äôt aligned on priorities; Our team doesn‚Äôt have capacity for change; Digital transformation isn‚Äôt our focus right now; We‚Äôve tried something similar and it didn‚Äôt work; We‚Äôre waiting for results from other initiatives first
Workflow & Automation Services,"Workflow & Automation Services optimize business operations by automating repetitive tasks, document routing, approvals, and data flows. These services use technologies like robotic process automation (RPA), workflow engines, and integrations with existing systems to reduce manual effort, accelerate decision-making, and improve accuracy and transparency.",Streamlining business processes through automation.,"Rise of low-code/no-code automation platforms
RPA adoption in back-office operations
AI-powered document classification and processing
Business process reengineering driven by digital transformation
Integration of automation into cloud-native platforms","Bottlenecks caused by manual task handling
High operational costs due to inefficiencies
Lack of transparency and auditability
Long approval cycles or service delays
Error-prone data entry and task repetition","Education: Automates student onboarding, curriculum approvals, and staff workflows, reducing time and improving transparency across departments.
Healthcare: Streamlines claims processing, appointment scheduling, lab results routing, and clinical documentation workflows.
Government: Reduces paperwork and approval lag in licensing, permitting, and internal process flows, improving public service delivery.
Legal: Automates document generation, intake forms, contract review workflows, and court deadline tracking.
Managed IT Services: Provides standardized onboarding, ticket escalation, and SLA tracking via workflow automations.
Intelligent Information Management: Automates classification, retention scheduling, and routing of unstructured data to proper repositories.
Office Solutions: Enables smart print job routing, supply ordering, and service dispatching based on predefined business rules.","workflow, automation, services, optimize, business, operations, automating, repetitive, tasks, document",,What systems do you currently use for workflow & automation services?; How is your organization managing workflow & automation services today?; What challenges have you faced with workflow & automation services solutions?; Do you foresee scaling or changing your workflow & automation services approach in the next 12 months?; What feedback have you received from users about current workflow & automation services tools?; How important is performance and reliability in your workflow & automation services strategy?; Do you currently outsource any part of your workflow & automation services operations?; How are you measuring ROI from your current workflow & automation services setup?; What would an ideal workflow & automation services solution look like for your team?; Are there any compliance or security considerations in your workflow & automation services plan?,We don‚Äôt have the budget right now; This isn‚Äôt the right time for a switch; We already have a solution in place; We‚Äôre concerned about the implementation complexity; It‚Äôs hard to prove ROI for this; Leadership isn‚Äôt aligned on priorities; Our team doesn‚Äôt have capacity for change; Digital transformation isn‚Äôt our focus right now; We‚Äôve tried something similar and it didn‚Äôt work; We‚Äôre waiting for results from other initiatives first
Intelligent Information Management,"Intelligent Information Management (IIM) refers to the systems and practices that allow organizations to organize, store, retrieve, and govern information across its lifecycle‚Äîwhether structured or unstructured. IIM solutions use metadata, AI tagging, automation, and secure access controls to ensure the right content is delivered to the right people at the right time, supporting compliance, productivity, and knowledge sharing.",Enhancing data organization and accessibility.,"Rise of content services platforms (CSPs)
Growth in metadata-driven file systems
Integration of AI for document classification and search
Increased focus on information governance and compliance
Demand for unified access to hybrid content environments","Disorganized, siloed, or duplicated content
Difficulty finding or retrieving information when needed
Compliance risks due to unmanaged records
Loss of institutional knowledge from poor documentation
High operational costs in document-heavy processes","Education: Centralizes academic and administrative documents, improving access for faculty, staff, and students while meeting retention policies.
Healthcare: Manages clinical documentation, scans, billing records, and compliance requirements (e.g., HIPAA, data retention).
Government: Enables proper classification, access control, and archiving of public records and internal communications.
Legal: Organizes case files, contracts, discovery documents, and legal correspondence with robust search and security.
Managed IT Services: Supports file migration, data governance consulting, and platform deployment for clients.
Intelligent Information Management: The core service offering itself‚Äîdelivering governance, automation, and content insights across verticals.
Office Solutions: Integrates with MFPs and DMS systems to digitize, index, and manage scanned documents in real time.","intelligent, information, management, refers, systems, practices, that, allow, organizations, organize",,What systems do you currently use for intelligent information management?; How is your organization managing intelligent information management today?; What challenges have you faced with intelligent information management solutions?; Do you foresee scaling or changing your intelligent information management approach in the next 12 months?; What feedback have you received from users about current intelligent information management tools?; How important is performance and reliability in your intelligent information management strategy?; Do you currently outsource any part of your intelligent information management operations?; How are you measuring ROI from your current intelligent information management setup?; What would an ideal intelligent information management solution look like for your team?; Are there any compliance or security considerations in your intelligent information management plan?,We don‚Äôt have the budget right now; This isn‚Äôt the right time for a switch; We already have a solution in place; We‚Äôre concerned about the implementation complexity; It‚Äôs hard to prove ROI for this; Leadership isn‚Äôt aligned on priorities; Our team doesn‚Äôt have capacity for change; Digital transformation isn‚Äôt our focus right now; We‚Äôve tried something similar and it didn‚Äôt work; We‚Äôre waiting for results from other initiatives first
Managed  Services,"Managed Print Services (MPS) offer end-to-end management of an organization‚Äôs print infrastructure. This includes fleet optimization, supply management, predictive maintenance, secure print, print usage analytics, and policy enforcement. The aim is to reduce costs, increase print security, and enhance operational efficiency by aligning print workflows with business needs.",Optimizing print environments for efficiency and cost-effectiveness.,"Growth of cloud-based print management
Increased focus on sustainability and waste reduction
Rising need for secure printing in hybrid workplaces
Integration of MFPs with digital workflows
Analytics-driven cost tracking and quota enforcement","High print-related expenses due to unmanaged fleets
Security risks from unsecured or abandoned print jobs
Supply shortages or overstock due to poor forecasting
Lack of visibility into department-level usage
Downtime caused by inconsistent device maintenance","Education: Ensures print quotas for students/staff, supports centralized printing across campuses, and reduces paper waste.
Healthcare: Delivers secure print for patient records, prescriptions, and reduces downtime in clinical documentation printing.
Government: Optimizes printing across agencies, ensures document security, and supports digital transformation mandates.
Legal: Manages high-volume document printing and scanning, provides secure print queues for sensitive case files.
Managed IT Services: Enables MSPs to offer MPS as an add-on service, bundling support, supplies, and analytics.
Intelligent Information Management: Integrates printed output with digital repositories via scan-to-cloud and indexing.
Office Solutions: Core service that streamlines multi-function devices, toner replenishment, user authentication, and reporting.","managed, print, services, offer, management, organization, infrastructure, this, includes, fleet",,What systems do you currently use for managed print services?; How is your organization managing managed print services today?; What challenges have you faced with managed print services solutions?; Do you foresee scaling or changing your managed print services approach in the next 12 months?; What feedback have you received from users about current managed print services tools?; How important is performance and reliability in your managed print services strategy?; Do you currently outsource any part of your managed print services operations?; How are you measuring ROI from your current managed print services setup?; What would an ideal managed print services solution look like for your team?; Are there any compliance or security considerations in your managed print services plan?,We don‚Äôt have the budget right now; This isn‚Äôt the right time for a switch; We already have a solution in place; We‚Äôre concerned about the implementation complexity; It‚Äôs hard to prove ROI for this; Leadership isn‚Äôt aligned on priorities; Our team doesn‚Äôt have capacity for change; Digital transformation isn‚Äôt our focus right now; We‚Äôve tried something similar and it didn‚Äôt work; We‚Äôre waiting for results from other initiatives first